zcta,pop2020,pop2010,parent,since,parent_drop,share_in_parent_before,result
10279,2147,0,,,,,no parent drop found; left as no data
11249,42429,29875,,,,,no parent drop found; left as no data
11439,2929,2463,,,,,no parent drop found; left as no data
11549,2626,0,,,,,no parent drop found; left as no data
90073,1192,746,,,,,no parent drop found; left as no data
90089,4704,3748,,,,,no parent drop found; left as no data
90639,2401,0,,,,,no parent drop found; left as no data
90840,2094,1863,,,,,no parent drop found; left as no data
91330,2345,2776,,,,,no parent drop found; left as no data
60418,10594,10797,60445,2017,0.393,0.975,estimated
76005,4423,0,,,,,no parent drop found; left as no data
76129,4129,2384,,,,,no parent drop found; left as no data
75033,46599,31034,75034,2018,0.305,0.241,estimated
75036,38642,11544,75034,2018,0.305,0.241,estimated
75072,56357,44429,75070,2018,0.405,0.687,estimated
77204,3751,2725,,,,,no parent drop found; left as no data
77507,3049,0,,,,,no parent drop found; left as no data
30322,4861,2473,,,,,no parent drop found; left as no data
20052,4926,4056,,,,,no parent drop found; left as no data
20057,4108,3916,,,,,no parent drop found; left as no data
20059,2064,0,,,,,no parent drop found; left as no data
20064,2066,2980,,,,,no parent drop found; left as no data
20889,1010,0,,,,,no parent drop found; left as no data
19383,5512,3400,,,,,no parent drop found; left as no data
19717,7761,3617,,,,,no parent drop found; left as no data
85329,2864,2840,,,,,no parent drop found; left as no data
85378,10228,8023,,,,,no parent drop found; left as no data
02325,2820,2929,,,,,no parent drop found; left as no data
92317,1559,1702,,,,,no parent drop found; left as no data
92369,2413,2396,,,,,no parent drop found; left as no data
94018,2903,1479,,,,,no parent drop found; left as no data
94720,10030,7911,,,,,no parent drop found; left as no data
98195,3709,2771,,,,,no parent drop found; left as no data
98416,1862,1497,,,,,no parent drop found; left as no data
98447,1298,2277,,,,,no parent drop found; left as no data
33574,3198,2001,,,,,no parent drop found; left as no data
33620,5853,5160,,,,,no parent drop found; left as no data
92093,10393,0,,,,,no parent drop found; left as no data
92096,6237,7090,,,,,no parent drop found; left as no data
92136,7014,6530,,,,,no parent drop found; left as no data
92140,2183,3435,,,,,no parent drop found; left as no data
92145,8035,0,,,,,no parent drop found; left as no data
92179,4126,4673,,,,,no parent drop found; left as no data
32816,8246,0,,,,,no parent drop found; left as no data
28223,8512,4461,,,,,no parent drop found; left as no data
29733,1719,1762,,,,,no parent drop found; left as no data
21250,4023,3421,,,,,no parent drop found; left as no data
21252,6524,2922,,,,,no parent drop found; left as no data
62026,2113,2797,,,,,no parent drop found; left as no data
95671,5667,6747,,,,,no parent drop found; left as no data
15028,1758,1801,,,,,no parent drop found; left as no data
15282,5133,5930,,,,,no parent drop found; left as no data
15454,1084,0,,,,,no parent drop found; left as no data
15619,1270,2578,,,,,no parent drop found; left as no data
89070,5206,0,,,,,no parent drop found; left as no data
66115,1089,0,,,,,no parent drop found; left as no data
37132,2900,2966,,,,,no parent drop found; left as no data
95053,4656,3780,,,,,no parent drop found; left as no data
23551,2814,0,,,,,no parent drop found; left as no data
02357,2599,0,,,,,no parent drop found; left as no data
02912,3928,3613,,,,,no parent drop found; left as no data
02918,3914,4021,,,,,no parent drop found; left as no data
27695,2130,3237,,,,,no parent drop found; left as no data
53127,1276,1279,,,,,no parent drop found; left as no data
23160,1469,2773,,,,,no parent drop found; left as no data
23161,1205,1214,,,,,no parent drop found; left as no data
23173,2098,2820,,,,,no parent drop found; left as no data
84113,3475,0,,,,,no parent drop found; left as no data
84129,39440,34807,,,,,no parent drop found; left as no data
93737,6215,3412,,,,,no parent drop found; left as no data
93740,1908,1276,,,,,no parent drop found; left as no data
35229,3225,2828,,,,,no parent drop found; left as no data
35254,1108,0,,,,,no parent drop found; left as no data
06269,10810,11567,,,,,no parent drop found; left as no data
06459,2073,2064,,,,,no parent drop found; left as no data
14109,1286,1481,,,,,no parent drop found; left as no data
14261,6512,0,,,,,no parent drop found; left as no data
85734,4855,4116,,,,,no parent drop found; left as no data
74171,2538,2272,,,,,no parent drop found; left as no data
29613,2655,2478,,,,,no parent drop found; left as no data
29614,2353,3297,,,,,no parent drop found; left as no data
29634,6309,5694,,,,,no parent drop found; left as no data
68178,3800,2577,,,,,no parent drop found; left as no data
68182,1729,1856,,,,,no parent drop found; left as no data
70148,1831,1668,,,,,no parent drop found; left as no data
93581,3660,5906,,,,,no parent drop found; left as no data
87151,1297,0,,,,,no parent drop found; left as no data
78599,30960,26339,78596,2013,0.328,0.709,estimated
12222,5194,5203,,,,,no parent drop found; left as no data
29409,2702,2905,,,,,no parent drop found; left as no data
70803,4934,2156,,,,,no parent drop found; left as no data
70813,3083,2125,,,,,no parent drop found; left as no data
18212,1063,1114,,,,,no parent drop found; left as no data
79918,4096,0,,,,,no parent drop found; left as no data
33965,3659,2844,,,,,no parent drop found; left as no data
27411,4602,3478,,,,,no parent drop found; left as no data
27412,6928,2600,,,,,no parent drop found; left as no data
72035,2000,1457,,,,,no parent drop found; left as no data
84059,15706,1616,,,,,no parent drop found; left as no data
84602,1888,1744,,,,,no parent drop found; left as no data
50241,1157,0,,,,,no parent drop found; left as no data
12604,2252,2189,,,,,no parent drop found; left as no data
27109,3290,2637,,,,,no parent drop found; left as no data
27110,2827,2133,,,,,no parent drop found; left as no data
44243,7391,5658,,,,,no parent drop found; left as no data
44325,1705,2046,,,,,no parent drop found; left as no data
84408,1010,893,,,,,no parent drop found; left as no data
67260,2293,0,,,,,no parent drop found; left as no data
13119,1629,0,,,,,no parent drop found; left as no data
13244,5638,7597,,,,,no parent drop found; left as no data
27708,3430,3070,,,,,no parent drop found; left as no data
72713,25969,10800,72712,2018,0.288,0.615,estimated
39217,1983,2335,39203,2012,0.272,0.74,estimated
99251,1655,0,,,,,no parent drop found; left as no data
99258,3067,3266,,,,,no parent drop found; left as no data
43403,5592,5215,,,,,no parent drop found; left as no data
43541,1063,1093,,,,,no parent drop found; left as no data
